trade_id,entry_time,exit_time,entry_price,exit_price,quantity,exit_reason,gross_pnl,net_pnl,pnl_pct,fees,balance
1,2026-07-01 15:00:00,2026-07-02 13:00:00,59541.99,61923.67,0.083974,TAKE_PROFIT,200.0,189.8,3.8,10.2,10189.8
2,2026-07-05 22:00:00,2026-07-06 10:00:00,63092.0,62664.77,0.080753,STRATEGY_EXIT,-34.5,-44.66,-0.88,10.16,10145.14
3,2026-07-06 18:00:00,2026-07-07 08:00:00,63587.38,63083.19,0.079773,STRATEGY_EXIT,-40.22,-50.33,-0.99,10.1,10094.82
4,2026-07-07 16:00:00,2026-07-08 02:00:00,63930.5,63038.0,0.078952,STRATEGY_EXIT,-70.46,-80.49,-1.59,10.02,10014.33
5,2026-07-09 07:00:00,2026-07-12 01:00:00,62959.96,63828.48,0.079529,STRATEGY_EXIT,69.07,58.99,1.18,10.08,10073.32
6,2026-07-12 16:00:00,2026-07-12 23:00:00,64176.0,63886.86,0.078482,STRATEGY_EXIT,-22.69,-32.74,-0.65,10.05,10040.58
7,2026-07-14 11:00:00,2026-07-15 13:00:00,62800.01,65312.01,0.079941,TAKE_PROFIT,200.81,190.57,3.8,10.24,10231.15
8,2026-07-17 19:00:00,2026-07-19 19:00:00,64259.73,64420.0,0.079608,STRATEGY_EXIT,12.76,2.51,0.05,10.24,10233.66
9,2026-07-19 23:00:00,2026-07-20 06:00:00,64674.66,64128.01,0.079116,STRATEGY_EXIT,-43.25,-53.44,-1.04,10.19,10180.22
10,2026-07-20 13:00:00,2026-07-20 14:00:00,64640.0,64344.01,0.078746,STRATEGY_EXIT,-23.31,-33.47,-0.66,10.16,10146.76
11,2026-07-20 16:00:00,2026-07-22 08:00:00,65598.75,65843.48,0.07734,STRATEGY_EXIT,18.93,8.76,0.17,10.17,10155.52
12,2026-07-24 07:00:00,2026-07-24 10:00:00,65472.0,65113.13,0.077556,STRATEGY_EXIT,-27.83,-37.96,-0.75,10.13,10117.56
13,2026-07-25 19:00:00,2026-07-27 16:00:00,64415.99,64554.0,0.078533,STRATEGY_EXIT,10.84,0.71,0.01,10.13,10118.27
14,2026-07-29 00:00:00,2026-07-29 20:00:00,63915.0,63589.46,0.079154,STRATEGY_EXIT,-25.77,-35.86,-0.71,10.09,10082.41
15,2026-07-30 09:00:00,2026-07-31 05:00:00,64308.01,64299.99,0.078392,STRATEGY_EXIT,-0.63,-10.71,-0.21,10.08,10071.7
16,2026-08-02 04:00:00,2026-08-03 04:00:00,63461.95,62870.48,0.079352,STRATEGY_EXIT,-46.93,-56.96,-1.13,10.02,10014.74
17,2026-08-03 15:00:00,2026-08-06 19:00:00,63967.19,64418.48,0.07828,STRATEGY_EXIT,35.33,25.28,0.5,10.05,10040.02
18,2026-08-07 10:00:00,2026-08-09 02:00:00,64839.32,64861.46,0.077422,STRATEGY_EXIT,1.71,-8.33,-0.17,10.04,10031.69
19,2026-08-12 11:00:00,2026-08-12 15:00:00,64143.36,63363.39,0.078197,STRATEGY_EXIT,-60.99,-70.96,-1.41,9.97,9960.73
20,2026-08-13 07:00:00,2026-08-13 16:00:00,63942.36,63420.01,0.077888,STRATEGY_EXIT,-40.68,-50.6,-1.02,9.92,9910.12
21,2026-08-15 06:00:00,2026-08-15 09:00:00,63089.0,62935.72,0.078541,STRATEGY_EXIT,-12.04,-21.94,-0.44,9.9,9888.18
22,2026-08-15 16:00:00,2026-08-16 10:00:00,63100.55,62992.68,0.078353,STRATEGY_EXIT,-8.45,-18.33,-0.37,9.88,9869.85
23,2026-08-16 16:00:00,2026-08-16 22:00:00,63146.39,62929.61,0.078151,STRATEGY_EXIT,-16.94,-26.79,-0.54,9.85,9843.06
24,2026-08-17 03:00:00,2026-08-19 06:00:00,63403.33,64236.01,0.077623,STRATEGY_EXIT,64.64,54.73,1.11,9.91,9897.78
25,2026-08-19 12:00:00,2026-08-19 15:00:00,64515.62,67096.24,0.076708,TAKE_PROFIT,197.95,187.86,3.8,10.1,10085.64
26,2026-08-22 19:00:00,2026-08-22 22:00:00,77257.87,76856.0,0.065273,STRATEGY_EXIT,-26.23,-36.29,-0.72,10.06,10049.35
27,2026-08-23 14:00:00,2026-08-25 02:00:00,77487.62,80587.12,0.064845,TAKE_PROFIT,200.99,190.74,3.8,10.25,10240.09
28,2026-08-27 00:00:00,2026-08-28 09:00:00,79023.75,79516.77,0.064791,STRATEGY_EXIT,31.94,21.67,0.42,10.27,10261.76
29,2026-08-29 20:00:00,2026-08-31 01:00:00,78181.99,77937.03,0.065627,STRATEGY_EXIT,-16.08,-26.32,-0.51,10.25,10235.44
30,2026-08-31 11:00:00,2026-08-31 13:00:00,78710.02,77930.4,0.06502,STRATEGY_EXIT,-50.69,-60.88,-1.19,10.18,10174.56
31,2026-08-31 15:00:00,2026-09-01 09:00:00,78601.93,77883.28,0.064722,STRATEGY_EXIT,-46.51,-56.64,-1.11,10.13,10117.92
32,2026-09-03 03:00:00,2026-09-03 15:00:00,77816.02,80928.66,0.065012,TAKE_PROFIT,202.36,192.04,3.8,10.32,10309.96
33,2026-09-05 17:00:00,2026-09-06 15:00:00,80041.99,79543.07,0.064403,STRATEGY_EXIT,-32.13,-42.41,-0.82,10.28,10267.55
34,2026-09-06 21:00:00,2026-09-07 05:00:00,79912.0,79724.01,0.064243,STRATEGY_EXIT,-12.08,-22.33,-0.44,10.26,10245.22
35,2026-09-09 05:00:00,2026-09-09 19:00:00,79171.5,78414.42,0.064703,STRATEGY_EXIT,-48.99,-59.18,-1.16,10.2,10186.04
36,2026-09-12 15:00:00,2026-09-12 18:00:00,77461.25,77210.58,0.065749,STRATEGY_EXIT,-16.48,-26.65,-0.52,10.17,10159.39
37,2026-09-13 19:00:00,2026-09-13 23:00:00,77338.87,76714.0,0.065681,STRATEGY_EXIT,-41.04,-51.16,-1.01,10.12,10108.23
38,2026-09-14 03:00:00,2026-09-15 04:00:00,77600.0,77676.99,0.06513,STRATEGY_EXIT,5.01,-5.1,-0.1,10.11,10103.13
39,2026-09-17 01:00:00,2026-09-18 13:00:00,76342.77,79396.48,0.06617,TAKE_PROFIT,202.06,191.76,3.8,10.31,10294.89
40,2026-09-20 17:00:00,2026-09-21 09:00:00,81334.01,84587.37,0.063288,TAKE_PROFIT,205.9,195.4,3.8,10.5,10490.28
41,2026-09-24 22:00:00,2026-09-25 07:00:00,84350.0,84036.01,0.062183,STRATEGY_EXIT,-19.52,-30.0,-0.57,10.47,10460.29
42,2026-09-25 10:00:00,2026-09-25 15:00:00,84570.02,84016.01,0.061844,STRATEGY_EXIT,-34.26,-44.69,-0.85,10.43,10415.6
43,2026-09-26 11:00:00,2026-09-26 14:00:00,84179.92,83939.11,0.061865,STRATEGY_EXIT,-14.9,-25.3,-0.49,10.4,10390.3
44,2026-09-26 16:00:00,2026-09-26 20:00:00,84156.0,84016.63,0.061732,STRATEGY_EXIT,-8.6,-18.99,-0.37,10.38,10371.32
45,2026-09-26 22:00:00,2026-09-28 00:00:00,84158.74,84472.01,0.061618,STRATEGY_EXIT,19.3,8.91,0.17,10.39,10380.23
